area_code,area_name,period,indicator,measure,unit,value_ulev,value_all_vehicles
E06000055,Bedford,2019-12-31,Licensed vehicles - ultra low emission vehicles (ulev) and all vehicles including ulev,Frequency,Vehicles,576,125560
E08000002,Bury,2019-12-31,Licensed vehicles - ultra low emission vehicles (ulev) and all vehicles including ulev,Frequency,Vehicles,436,121862
E06000050,Cheshire West and Chester,2019-12-31,Licensed vehicles - ultra low emission vehicles (ulev) and all vehicles including ulev,Frequency,Vehicles,1020,227250
E06000015,Derby,2019-12-31,Licensed vehicles - ultra low emission vehicles (ulev) and all vehicles including ulev,Frequency,Vehicles,1426,142054
E92000001,England,2019-12-31,Licensed vehicles - ultra low emission vehicles (ulev) and all vehicles including ulev,Frequency,Vehicles,243687,33681859
E06000035,Medway,2019-12-31,Licensed vehicles - ultra low emission vehicles (ulev) and all vehicles including ulev,Frequency,Vehicles,653,157896
E06000042,Milton Keynes,2019-12-31,Licensed vehicles - ultra low emission vehicles (ulev) and all vehicles including ulev,Frequency,Vehicles,7186,378960
E06000031,Peterborough,2019-12-31,Licensed vehicles - ultra low emission vehicles (ulev) and all vehicles including ulev,Frequency,Vehicles,12454,220693
E06000038,Reading,2019-12-31,Licensed vehicles - ultra low emission vehicles (ulev) and all vehicles including ulev,Frequency,Vehicles,397,76739
E08000029,Solihull,2019-12-31,Licensed vehicles - ultra low emission vehicles (ulev) and all vehicles including ulev,Frequency,Vehicles,2658,188856
E06000025,South Gloucestershire,2019-12-31,Licensed vehicles - ultra low emission vehicles (ulev) and all vehicles including ulev,Frequency,Vehicles,3055,320478
E08000007,Stockport,2019-12-31,Licensed vehicles - ultra low emission vehicles (ulev) and all vehicles including ulev,Frequency,Vehicles,728,167746
E06000030,Swindon,2019-12-31,Licensed vehicles - ultra low emission vehicles (ulev) and all vehicles including ulev,Frequency,Vehicles,6294,298201
E06000034,Thurrock,2019-12-31,Licensed vehicles - ultra low emission vehicles (ulev) and all vehicles including ulev,Frequency,Vehicles,362,101722
E08000009,Trafford,2019-12-31,Licensed vehicles - ultra low emission vehicles (ulev) and all vehicles including ulev,Frequency,Vehicles,681,131133
E06000007,Warrington,2019-12-31,Licensed vehicles - ultra low emission vehicles (ulev) and all vehicles including ulev,Frequency,Vehicles,548,132815
E06000014,York,2019-12-31,Licensed vehicles - ultra low emission vehicles (ulev) and all vehicles including ulev,Frequency,Vehicles,475,102232
E06000055,Bedford,2020-03-31,Licensed vehicles - ultra low emission vehicles (ulev) and all vehicles including ulev,Frequency,Vehicles,704,126620
E08000002,Bury,2020-03-31,Licensed vehicles - ultra low emission vehicles (ulev) and all vehicles including ulev,Frequency,Vehicles,485,123138
E06000050,Cheshire West and Chester,2020-03-31,Licensed vehicles - ultra low emission vehicles (ulev) and all vehicles including ulev,Frequency,Vehicles,1139,227456
E06000015,Derby,2020-03-31,Licensed vehicles - ultra low emission vehicles (ulev) and all vehicles including ulev,Frequency,Vehicles,1571,142422
E92000001,England,2020-03-31,Licensed vehicles - ultra low emission vehicles (ulev) and all vehicles including ulev,Frequency,Vehicles,271211,33324970
E06000035,Medway,2020-03-31,Licensed vehicles - ultra low emission vehicles (ulev) and all vehicles including ulev,Frequency,Vehicles,720,157795
E06000042,Milton Keynes,2020-03-31,Licensed vehicles - ultra low emission vehicles (ulev) and all vehicles including ulev,Frequency,Vehicles,8630,380302
E06000031,Peterborough,2020-03-31,Licensed vehicles - ultra low emission vehicles (ulev) and all vehicles including ulev,Frequency,Vehicles,13175,224279
E06000038,Reading,2020-03-31,Licensed vehicles - ultra low emission vehicles (ulev) and all vehicles including ulev,Frequency,Vehicles,430,76502
E08000029,Solihull,2020-03-31,Licensed vehicles - ultra low emission vehicles (ulev) and all vehicles including ulev,Frequency,Vehicles,3403,191381
E06000025,South Gloucestershire,2020-03-31,Licensed vehicles - ultra low emission vehicles (ulev) and all vehicles including ulev,Frequency,Vehicles,3560,323834
E08000007,Stockport,2020-03-31,Licensed vehicles - ultra low emission vehicles (ulev) and all vehicles including ulev,Frequency,Vehicles,839,167484
E06000030,Swindon,2020-03-31,Licensed vehicles - ultra low emission vehicles (ulev) and all vehicles including ulev,Frequency,Vehicles,7659,304946
E06000034,Thurrock,2020-03-31,Licensed vehicles - ultra low emission vehicles (ulev) and all vehicles including ulev,Frequency,Vehicles,402,101497
E08000009,Trafford,2020-03-31,Licensed vehicles - ultra low emission vehicles (ulev) and all vehicles including ulev,Frequency,Vehicles,751,130770.99999999999
E06000007,Warrington,2020-03-31,Licensed vehicles - ultra low emission vehicles (ulev) and all vehicles including ulev,Frequency,Vehicles,610,132800
E06000014,York,2020-03-31,Licensed vehicles - ultra low emission vehicles (ulev) and all vehicles including ulev,Frequency,Vehicles,537,102347
E06000055,Bedford,2020-06-30,Licensed vehicles - ultra low emission vehicles (ulev) and all vehicles including ulev,Frequency,Vehicles,723,124690
E08000002,Bury,2020-06-30,Licensed vehicles - ultra low emission vehicles (ulev) and all vehicles including ulev,Frequency,Vehicles,475,118685
E06000050,Cheshire West and Chester,2020-06-30,Licensed vehicles - ultra low emission vehicles (ulev) and all vehicles including ulev,Frequency,Vehicles,1196,226235
E06000015,Derby,2020-06-30,Licensed vehicles - ultra low emission vehicles (ulev) and all vehicles including ulev,Frequency,Vehicles,1612,140701
E92000001,England,2020-06-30,Licensed vehicles - ultra low emission vehicles (ulev) and all vehicles including ulev,Frequency,Vehicles,287627,33414926
E06000035,Medway,2020-06-30,Licensed vehicles - ultra low emission vehicles (ulev) and all vehicles including ulev,Frequency,Vehicles,759,156974
E06000042,Milton Keynes,2020-06-30,Licensed vehicles - ultra low emission vehicles (ulev) and all vehicles including ulev,Frequency,Vehicles,9800,371035
E06000031,Peterborough,2020-06-30,Licensed vehicles - ultra low emission vehicles (ulev) and all vehicles including ulev,Frequency,Vehicles,13450,224251
E06000038,Reading,2020-06-30,Licensed vehicles - ultra low emission vehicles (ulev) and all vehicles including ulev,Frequency,Vehicles,430,75390
E08000029,Solihull,2020-06-30,Licensed vehicles - ultra low emission vehicles (ulev) and all vehicles including ulev,Frequency,Vehicles,4957,214936
E06000025,South Gloucestershire,2020-06-30,Licensed vehicles - ultra low emission vehicles (ulev) and all vehicles including ulev,Frequency,Vehicles,3767,315294
E08000007,Stockport,2020-06-30,Licensed vehicles - ultra low emission vehicles (ulev) and all vehicles including ulev,Frequency,Vehicles,864,165599
E06000030,Swindon,2020-06-30,Licensed vehicles - ultra low emission vehicles (ulev) and all vehicles including ulev,Frequency,Vehicles,8707,303780
E06000034,Thurrock,2020-06-30,Licensed vehicles - ultra low emission vehicles (ulev) and all vehicles including ulev,Frequency,Vehicles,432,100716
E08000009,Trafford,2020-06-30,Licensed vehicles - ultra low emission vehicles (ulev) and all vehicles including ulev,Frequency,Vehicles,768,128846
E06000007,Warrington,2020-06-30,Licensed vehicles - ultra low emission vehicles (ulev) and all vehicles including ulev,Frequency,Vehicles,636,131003.99999999999
E06000014,York,2020-06-30,Licensed vehicles - ultra low emission vehicles (ulev) and all vehicles including ulev,Frequency,Vehicles,561,101323
E06000055,Bedford,2020-09-30,Licensed vehicles - ultra low emission vehicles (ulev) and all vehicles including ulev,Frequency,Vehicles,836,126090
E08000002,Bury,2020-09-30,Licensed vehicles - ultra low emission vehicles (ulev) and all vehicles including ulev,Frequency,Vehicles,614,119934
E06000050,Cheshire West and Chester,2020-09-30,Licensed vehicles - ultra low emission vehicles (ulev) and all vehicles including ulev,Frequency,Vehicles,1349,229626
E06000015,Derby,2020-09-30,Licensed vehicles - ultra low emission vehicles (ulev) and all vehicles including ulev,Frequency,Vehicles,1712,141389
E92000001,England,2020-09-30,Licensed vehicles - ultra low emission vehicles (ulev) and all vehicles including ulev,Frequency,Vehicles,338518,33811444
E06000035,Medway,2020-09-30,Licensed vehicles - ultra low emission vehicles (ulev) and all vehicles including ulev,Frequency,Vehicles,891,159311
E06000042,Milton Keynes,2020-09-30,Licensed vehicles - ultra low emission vehicles (ulev) and all vehicles including ulev,Frequency,Vehicles,12758,373793
E06000031,Peterborough,2020-09-30,Licensed vehicles - ultra low emission vehicles (ulev) and all vehicles including ulev,Frequency,Vehicles,13728,219710
E06000038,Reading,2020-09-30,Licensed vehicles - ultra low emission vehicles (ulev) and all vehicles including ulev,Frequency,Vehicles,581,76393
E08000029,Solihull,2020-09-30,Licensed vehicles - ultra low emission vehicles (ulev) and all vehicles including ulev,Frequency,Vehicles,6516,225798
E06000025,South Gloucestershire,2020-09-30,Licensed vehicles - ultra low emission vehicles (ulev) and all vehicles including ulev,Frequency,Vehicles,4933,317107
E08000007,Stockport,2020-09-30,Licensed vehicles - ultra low emission vehicles (ulev) and all vehicles including ulev,Frequency,Vehicles,26693,454159
E06000030,Swindon,2020-09-30,Licensed vehicles - ultra low emission vehicles (ulev) and all vehicles including ulev,Frequency,Vehicles,10887,305042
E06000034,Thurrock,2020-09-30,Licensed vehicles - ultra low emission vehicles (ulev) and all vehicles including ulev,Frequency,Vehicles,526,102483
E08000009,Trafford,2020-09-30,Licensed vehicles - ultra low emission vehicles (ulev) and all vehicles including ulev,Frequency,Vehicles,892,129912
E06000007,Warrington,2020-09-30,Licensed vehicles - ultra low emission vehicles (ulev) and all vehicles including ulev,Frequency,Vehicles,778,132999
E06000014,York,2020-09-30,Licensed vehicles - ultra low emission vehicles (ulev) and all vehicles including ulev,Frequency,Vehicles,718,102951
E06000055,Bedford,2020-12-31,Licensed vehicles - ultra low emission vehicles (ulev) and all vehicles including ulev,Frequency,Vehicles,995,125474
E08000002,Bury,2020-12-31,Licensed vehicles - ultra low emission vehicles (ulev) and all vehicles including ulev,Frequency,Vehicles,793,118973
E06000050,Cheshire West and Chester,2020-12-31,Licensed vehicles - ultra low emission vehicles (ulev) and all vehicles including ulev,Frequency,Vehicles,1466,228151
E06000015,Derby,2020-12-31,Licensed vehicles - ultra low emission vehicles (ulev) and all vehicles including ulev,Frequency,Vehicles,1819,139917
E92000001,England,2020-12-31,Licensed vehicles - ultra low emission vehicles (ulev) and all vehicles including ulev,Frequency,Vehicles,391360,33573362
E06000035,Medway,2020-12-31,Licensed vehicles - ultra low emission vehicles (ulev) and all vehicles including ulev,Frequency,Vehicles,1014,158692
E06000042,Milton Keynes,2020-12-31,Licensed vehicles - ultra low emission vehicles (ulev) and all vehicles including ulev,Frequency,Vehicles,17284,372732
E06000031,Peterborough,2020-12-31,Licensed vehicles - ultra low emission vehicles (ulev) and all vehicles including ulev,Frequency,Vehicles,15391,218662
E06000038,Reading,2020-12-31,Licensed vehicles - ultra low emission vehicles (ulev) and all vehicles including ulev,Frequency,Vehicles,648,75867
E08000029,Solihull,2020-12-31,Licensed vehicles - ultra low emission vehicles (ulev) and all vehicles including ulev,Frequency,Vehicles,7252,224265
E06000025,South Gloucestershire,2020-12-31,Licensed vehicles - ultra low emission vehicles (ulev) and all vehicles including ulev,Frequency,Vehicles,7502,315815
E08000007,Stockport,2020-12-31,Licensed vehicles - ultra low emission vehicles (ulev) and all vehicles including ulev,Frequency,Vehicles,31106,438003
E06000030,Swindon,2020-12-31,Licensed vehicles - ultra low emission vehicles (ulev) and all vehicles including ulev,Frequency,Vehicles,15076,302282
E06000034,Thurrock,2020-12-31,Licensed vehicles - ultra low emission vehicles (ulev) and all vehicles including ulev,Frequency,Vehicles,591,101943
E08000009,Trafford,2020-12-31,Licensed vehicles - ultra low emission vehicles (ulev) and all vehicles including ulev,Frequency,Vehicles,1039,129116.00000000001
E06000007,Warrington,2020-12-31,Licensed vehicles - ultra low emission vehicles (ulev) and all vehicles including ulev,Frequency,Vehicles,879,132722
E06000014,York,2020-12-31,Licensed vehicles - ultra low emission vehicles (ulev) and all vehicles including ulev,Frequency,Vehicles,787,102370
E06000055,Bedford,2021-03-31,Licensed vehicles - ultra low emission vehicles (ulev) and all vehicles including ulev,Frequency,Vehicles,1254,126103
E08000002,Bury,2021-03-31,Licensed vehicles - ultra low emission vehicles (ulev) and all vehicles including ulev,Frequency,Vehicles,968,117082
E06000050,Cheshire West and Chester,2021-03-31,Licensed vehicles - ultra low emission vehicles (ulev) and all vehicles including ulev,Frequency,Vehicles,1619,227757
E06000015,Derby,2021-03-31,Licensed vehicles - ultra low emission vehicles (ulev) and all vehicles including ulev,Frequency,Vehicles,1988,138572
E92000001,England,2021-03-31,Licensed vehicles - ultra low emission vehicles (ulev) and all vehicles including ulev,Frequency,Vehicles,441836,33635907
E06000035,Medway,2021-03-31,Licensed vehicles - ultra low emission vehicles (ulev) and all vehicles including ulev,Frequency,Vehicles,1100,158345
E06000042,Milton Keynes,2021-03-31,Licensed vehicles - ultra low emission vehicles (ulev) and all vehicles including ulev,Frequency,Vehicles,18782,368056
E06000031,Peterborough,2021-03-31,Licensed vehicles - ultra low emission vehicles (ulev) and all vehicles including ulev,Frequency,Vehicles,17040,219462
E06000038,Reading,2021-03-31,Licensed vehicles - ultra low emission vehicles (ulev) and all vehicles including ulev,Frequency,Vehicles,676,75556
E08000029,Solihull,2021-03-31,Licensed vehicles - ultra low emission vehicles (ulev) and all vehicles including ulev,Frequency,Vehicles,8673,224012
E06000025,South Gloucestershire,2021-03-31,Licensed vehicles - ultra low emission vehicles (ulev) and all vehicles including ulev,Frequency,Vehicles,11104,315218
E08000007,Stockport,2021-03-31,Licensed vehicles - ultra low emission vehicles (ulev) and all vehicles including ulev,Frequency,Vehicles,34763,427407
E06000030,Swindon,2021-03-31,Licensed vehicles - ultra low emission vehicles (ulev) and all vehicles including ulev,Frequency,Vehicles,17523,302284
E06000034,Thurrock,2021-03-31,Licensed vehicles - ultra low emission vehicles (ulev) and all vehicles including ulev,Frequency,Vehicles,658,101680
E08000009,Trafford,2021-03-31,Licensed vehicles - ultra low emission vehicles (ulev) and all vehicles including ulev,Frequency,Vehicles,1166,128663.99999999999
E06000007,Warrington,2021-03-31,Licensed vehicles - ultra low emission vehicles (ulev) and all vehicles including ulev,Frequency,Vehicles,958,132579
E06000014,York,2021-03-31,Licensed vehicles - ultra low emission vehicles (ulev) and all vehicles including ulev,Frequency,Vehicles,855,101607
E06000055,Bedford,2021-06-30,Licensed vehicles - ultra low emission vehicles (ulev) and all vehicles including ulev,Frequency,Vehicles,1600,129702
E08000002,Bury,2021-06-30,Licensed vehicles - ultra low emission vehicles (ulev) and all vehicles including ulev,Frequency,Vehicles,1149,117362
E06000050,Cheshire West and Chester,2021-06-30,Licensed vehicles - ultra low emission vehicles (ulev) and all vehicles including ulev,Frequency,Vehicles,1936,231532
E06000015,Derby,2021-06-30,Licensed vehicles - ultra low emission vehicles (ulev) and all vehicles including ulev,Frequency,Vehicles,2237,140073
E92000001,England,2021-06-30,Licensed vehicles - ultra low emission vehicles (ulev) and all vehicles including ulev,Frequency,Vehicles,511680,34120337
E06000035,Medway,2021-06-30,Licensed vehicles - ultra low emission vehicles (ulev) and all vehicles including ulev,Frequency,Vehicles,1228,160267
E06000042,Milton Keynes,2021-06-30,Licensed vehicles - ultra low emission vehicles (ulev) and all vehicles including ulev,Frequency,Vehicles,21586,367986
E06000031,Peterborough,2021-06-30,Licensed vehicles - ultra low emission vehicles (ulev) and all vehicles including ulev,Frequency,Vehicles,18991,223040
E06000038,Reading,2021-06-30,Licensed vehicles - ultra low emission vehicles (ulev) and all vehicles including ulev,Frequency,Vehicles,788,76344
E08000029,Solihull,2021-06-30,Licensed vehicles - ultra low emission vehicles (ulev) and all vehicles including ulev,Frequency,Vehicles,9909,229810
E06000025,South Gloucestershire,2021-06-30,Licensed vehicles - ultra low emission vehicles (ulev) and all vehicles including ulev,Frequency,Vehicles,14349,319104
E08000007,Stockport,2021-06-30,Licensed vehicles - ultra low emission vehicles (ulev) and all vehicles including ulev,Frequency,Vehicles,39642,423753
E06000030,Swindon,2021-06-30,Licensed vehicles - ultra low emission vehicles (ulev) and all vehicles including ulev,Frequency,Vehicles,21039,305103
E06000034,Thurrock,2021-06-30,Licensed vehicles - ultra low emission vehicles (ulev) and all vehicles including ulev,Frequency,Vehicles,761,102816
E08000009,Trafford,2021-06-30,Licensed vehicles - ultra low emission vehicles (ulev) and all vehicles including ulev,Frequency,Vehicles,1356,129848.99999999999
E06000007,Warrington,2021-06-30,Licensed vehicles - ultra low emission vehicles (ulev) and all vehicles including ulev,Frequency,Vehicles,1144,134002
E06000014,York,2021-06-30,Licensed vehicles - ultra low emission vehicles (ulev) and all vehicles including ulev,Frequency,Vehicles,1003,103158
E06000055,Bedford,2021-09-30,Licensed vehicles - ultra low emission vehicles (ulev) and all vehicles including ulev,Frequency,Vehicles,1974,129953
E08000002,Bury,2021-09-30,Licensed vehicles - ultra low emission vehicles (ulev) and all vehicles including ulev,Frequency,Vehicles,1370,117296
E06000050,Cheshire West and Chester,2021-09-30,Licensed vehicles - ultra low emission vehicles (ulev) and all vehicles including ulev,Frequency,Vehicles,2212,231613
E06000015,Derby,2021-09-30,Licensed vehicles - ultra low emission vehicles (ulev) and all vehicles including ulev,Frequency,Vehicles,2443,139195
E92000001,England,2021-09-30,Licensed vehicles - ultra low emission vehicles (ulev) and all vehicles including ulev,Frequency,Vehicles,584370,34146087
E06000035,Medway,2021-09-30,Licensed vehicles - ultra low emission vehicles (ulev) and all vehicles including ulev,Frequency,Vehicles,1383,160278
E06000042,Milton Keynes,2021-09-30,Licensed vehicles - ultra low emission vehicles (ulev) and all vehicles including ulev,Frequency,Vehicles,25088,366621
E06000031,Peterborough,2021-09-30,Licensed vehicles - ultra low emission vehicles (ulev) and all vehicles including ulev,Frequency,Vehicles,20662,222720
E06000038,Reading,2021-09-30,Licensed vehicles - ultra low emission vehicles (ulev) and all vehicles including ulev,Frequency,Vehicles,888,76570
E08000029,Solihull,2021-09-30,Licensed vehicles - ultra low emission vehicles (ulev) and all vehicles including ulev,Frequency,Vehicles,10161,225680
E06000025,South Gloucestershire,2021-09-30,Licensed vehicles - ultra low emission vehicles (ulev) and all vehicles including ulev,Frequency,Vehicles,17338,320711
E08000007,Stockport,2021-09-30,Licensed vehicles - ultra low emission vehicles (ulev) and all vehicles including ulev,Frequency,Vehicles,44389,419066
E06000030,Swindon,2021-09-30,Licensed vehicles - ultra low emission vehicles (ulev) and all vehicles including ulev,Frequency,Vehicles,24497,308503
E06000034,Thurrock,2021-09-30,Licensed vehicles - ultra low emission vehicles (ulev) and all vehicles including ulev,Frequency,Vehicles,912,102756
E08000009,Trafford,2021-09-30,Licensed vehicles - ultra low emission vehicles (ulev) and all vehicles including ulev,Frequency,Vehicles,1581,129931.99999999999
E06000007,Warrington,2021-09-30,Licensed vehicles - ultra low emission vehicles (ulev) and all vehicles including ulev,Frequency,Vehicles,1317,134456
E06000014,York,2021-09-30,Licensed vehicles - ultra low emission vehicles (ulev) and all vehicles including ulev,Frequency,Vehicles,1153,102976
E06000055,Bedford,2021-12-31,Licensed vehicles - ultra low emission vehicles (ulev) and all vehicles including ulev,Frequency,Vehicles,2593,130487
E08000002,Bury,2021-12-31,Licensed vehicles - ultra low emission vehicles (ulev) and all vehicles including ulev,Frequency,Vehicles,1619,116081
E06000050,Cheshire West and Chester,2021-12-31,Licensed vehicles - ultra low emission vehicles (ulev) and all vehicles including ulev,Frequency,Vehicles,2517,230794
E06000015,Derby,2021-12-31,Licensed vehicles - ultra low emission vehicles (ulev) and all vehicles including ulev,Frequency,Vehicles,2639,138283
E92000001,England,2021-12-31,Licensed vehicles - ultra low emission vehicles (ulev) and all vehicles including ulev,Frequency,Vehicles,671884,33974891
E06000035,Medway,2021-12-31,Licensed vehicles - ultra low emission vehicles (ulev) and all vehicles including ulev,Frequency,Vehicles,1610,159423
E06000042,Milton Keynes,2021-12-31,Licensed vehicles - ultra low emission vehicles (ulev) and all vehicles including ulev,Frequency,Vehicles,30465,365204
E06000031,Peterborough,2021-12-31,Licensed vehicles - ultra low emission vehicles (ulev) and all vehicles including ulev,Frequency,Vehicles,22893,223246
E06000038,Reading,2021-12-31,Licensed vehicles - ultra low emission vehicles (ulev) and all vehicles including ulev,Frequency,Vehicles,988,76378
E08000029,Solihull,2021-12-31,Licensed vehicles - ultra low emission vehicles (ulev) and all vehicles including ulev,Frequency,Vehicles,11263,224706
E06000025,South Gloucestershire,2021-12-31,Licensed vehicles - ultra low emission vehicles (ulev) and all vehicles including ulev,Frequency,Vehicles,22078,324690
E08000007,Stockport,2021-12-31,Licensed vehicles - ultra low emission vehicles (ulev) and all vehicles including ulev,Frequency,Vehicles,51397,416500
E06000030,Swindon,2021-12-31,Licensed vehicles - ultra low emission vehicles (ulev) and all vehicles including ulev,Frequency,Vehicles,27966,309349
E06000034,Thurrock,2021-12-31,Licensed vehicles - ultra low emission vehicles (ulev) and all vehicles including ulev,Frequency,Vehicles,1035,102297
E08000009,Trafford,2021-12-31,Licensed vehicles - ultra low emission vehicles (ulev) and all vehicles including ulev,Frequency,Vehicles,1829,129352
E06000007,Warrington,2021-12-31,Licensed vehicles - ultra low emission vehicles (ulev) and all vehicles including ulev,Frequency,Vehicles,1468,134474
E06000014,York,2021-12-31,Licensed vehicles - ultra low emission vehicles (ulev) and all vehicles including ulev,Frequency,Vehicles,1298,102182
E06000055,Bedford,2022-03-31,Licensed vehicles - ultra low emission vehicles (ulev) and all vehicles including ulev,Frequency,Vehicles,3240,133270
E08000002,Bury,2022-03-31,Licensed vehicles - ultra low emission vehicles (ulev) and all vehicles including ulev,Frequency,Vehicles,1716,116338
E06000050,Cheshire West and Chester,2022-03-31,Licensed vehicles - ultra low emission vehicles (ulev) and all vehicles including ulev,Frequency,Vehicles,2927,232157
E06000015,Derby,2022-03-31,Licensed vehicles - ultra low emission vehicles (ulev) and all vehicles including ulev,Frequency,Vehicles,2845,138926
E92000001,England,2022-03-31,Licensed vehicles - ultra low emission vehicles (ulev) and all vehicles including ulev,Frequency,Vehicles,756485,34041494
E06000035,Medway,2022-03-31,Licensed vehicles - ultra low emission vehicles (ulev) and all vehicles including ulev,Frequency,Vehicles,1781,159694
E06000042,Milton Keynes,2022-03-31,Licensed vehicles - ultra low emission vehicles (ulev) and all vehicles including ulev,Frequency,Vehicles,33607,364418
E06000031,Peterborough,2022-03-31,Licensed vehicles - ultra low emission vehicles (ulev) and all vehicles including ulev,Frequency,Vehicles,24866,224664
E06000038,Reading,2022-03-31,Licensed vehicles - ultra low emission vehicles (ulev) and all vehicles including ulev,Frequency,Vehicles,1087,76522
E08000029,Solihull,2022-03-31,Licensed vehicles - ultra low emission vehicles (ulev) and all vehicles including ulev,Frequency,Vehicles,12042,221430
E06000025,South Gloucestershire,2022-03-31,Licensed vehicles - ultra low emission vehicles (ulev) and all vehicles including ulev,Frequency,Vehicles,24770,325475
E08000007,Stockport,2022-03-31,Licensed vehicles - ultra low emission vehicles (ulev) and all vehicles including ulev,Frequency,Vehicles,59941,417847
E06000030,Swindon,2022-03-31,Licensed vehicles - ultra low emission vehicles (ulev) and all vehicles including ulev,Frequency,Vehicles,31282,310445
E06000034,Thurrock,2022-03-31,Licensed vehicles - ultra low emission vehicles (ulev) and all vehicles including ulev,Frequency,Vehicles,1202,102542
E08000009,Trafford,2022-03-31,Licensed vehicles - ultra low emission vehicles (ulev) and all vehicles including ulev,Frequency,Vehicles,2086,129532.99999999999
E06000007,Warrington,2022-03-31,Licensed vehicles - ultra low emission vehicles (ulev) and all vehicles including ulev,Frequency,Vehicles,1660,135245
E06000014,York,2022-03-31,Licensed vehicles - ultra low emission vehicles (ulev) and all vehicles including ulev,Frequency,Vehicles,1412,102059
E06000055,Bedford,2022-06-30,Licensed vehicles - ultra low emission vehicles (ulev) and all vehicles including ulev,Frequency,Vehicles,2532,117925
E08000002,Bury,2022-06-30,Licensed vehicles - ultra low emission vehicles (ulev) and all vehicles including ulev,Frequency,Vehicles,1700,116592
E06000050,Cheshire West and Chester,2022-06-30,Licensed vehicles - ultra low emission vehicles (ulev) and all vehicles including ulev,Frequency,Vehicles,3177,233794
E06000015,Derby,2022-06-30,Licensed vehicles - ultra low emission vehicles (ulev) and all vehicles including ulev,Frequency,Vehicles,2995,139663
E92000001,England,2022-06-30,Licensed vehicles - ultra low emission vehicles (ulev) and all vehicles including ulev,Frequency,Vehicles,826566,34306852
E06000035,Medway,2022-06-30,Licensed vehicles - ultra low emission vehicles (ulev) and all vehicles including ulev,Frequency,Vehicles,1996,160643
E06000042,Milton Keynes,2022-06-30,Licensed vehicles - ultra low emission vehicles (ulev) and all vehicles including ulev,Frequency,Vehicles,35444,357290
E06000031,Peterborough,2022-06-30,Licensed vehicles - ultra low emission vehicles (ulev) and all vehicles including ulev,Frequency,Vehicles,26034,221652
E06000038,Reading,2022-06-30,Licensed vehicles - ultra low emission vehicles (ulev) and all vehicles including ulev,Frequency,Vehicles,1197,77020
E08000029,Solihull,2022-06-30,Licensed vehicles - ultra low emission vehicles (ulev) and all vehicles including ulev,Frequency,Vehicles,8731,190122
E06000025,South Gloucestershire,2022-06-30,Licensed vehicles - ultra low emission vehicles (ulev) and all vehicles including ulev,Frequency,Vehicles,26461,325906
E08000007,Stockport,2022-06-30,Licensed vehicles - ultra low emission vehicles (ulev) and all vehicles including ulev,Frequency,Vehicles,66128,416565
E06000030,Swindon,2022-06-30,Licensed vehicles - ultra low emission vehicles (ulev) and all vehicles including ulev,Frequency,Vehicles,33964,311403
E06000034,Thurrock,2022-06-30,Licensed vehicles - ultra low emission vehicles (ulev) and all vehicles including ulev,Frequency,Vehicles,1366,103264
E08000009,Trafford,2022-06-30,Licensed vehicles - ultra low emission vehicles (ulev) and all vehicles including ulev,Frequency,Vehicles,2291,130387
E06000007,Warrington,2022-06-30,Licensed vehicles - ultra low emission vehicles (ulev) and all vehicles including ulev,Frequency,Vehicles,1796,136292
E06000014,York,2022-06-30,Licensed vehicles - ultra low emission vehicles (ulev) and all vehicles including ulev,Frequency,Vehicles,1574,102230
E06000055,Bedford,2022-09-30,Licensed vehicles - ultra low emission vehicles (ulev) and all vehicles including ulev,Frequency,Vehicles,2545,116723
E08000002,Bury,2022-09-30,Licensed vehicles - ultra low emission vehicles (ulev) and all vehicles including ulev,Frequency,Vehicles,1838,116573
E06000050,Cheshire West and Chester,2022-09-30,Licensed vehicles - ultra low emission vehicles (ulev) and all vehicles including ulev,Frequency,Vehicles,3463,234204
E06000015,Derby,2022-09-30,Licensed vehicles - ultra low emission vehicles (ulev) and all vehicles including ulev,Frequency,Vehicles,3186,139571
E92000001,England,2022-09-30,Licensed vehicles - ultra low emission vehicles (ulev) and all vehicles including ulev,Frequency,Vehicles,899379,34385452
E06000035,Medway,2022-09-30,Licensed vehicles - ultra low emission vehicles (ulev) and all vehicles including ulev,Frequency,Vehicles,2156,161048
E06000042,Milton Keynes,2022-09-30,Licensed vehicles - ultra low emission vehicles (ulev) and all vehicles including ulev,Frequency,Vehicles,36951,355126
E06000031,Peterborough,2022-09-30,Licensed vehicles - ultra low emission vehicles (ulev) and all vehicles including ulev,Frequency,Vehicles,27574,221495
E06000038,Reading,2022-09-30,Licensed vehicles - ultra low emission vehicles (ulev) and all vehicles including ulev,Frequency,Vehicles,1308,77316
E08000029,Solihull,2022-09-30,Licensed vehicles - ultra low emission vehicles (ulev) and all vehicles including ulev,Frequency,Vehicles,9481,188725
E06000025,South Gloucestershire,2022-09-30,Licensed vehicles - ultra low emission vehicles (ulev) and all vehicles including ulev,Frequency,Vehicles,29118,328763
E08000007,Stockport,2022-09-30,Licensed vehicles - ultra low emission vehicles (ulev) and all vehicles including ulev,Frequency,Vehicles,72601,414362
E06000030,Swindon,2022-09-30,Licensed vehicles - ultra low emission vehicles (ulev) and all vehicles including ulev,Frequency,Vehicles,37402,313675
E06000034,Thurrock,2022-09-30,Licensed vehicles - ultra low emission vehicles (ulev) and all vehicles including ulev,Frequency,Vehicles,1493,103190
E08000009,Trafford,2022-09-30,Licensed vehicles - ultra low emission vehicles (ulev) and all vehicles including ulev,Frequency,Vehicles,2507,130828
E06000007,Warrington,2022-09-30,Licensed vehicles - ultra low emission vehicles (ulev) and all vehicles including ulev,Frequency,Vehicles,1997,136964
E06000014,York,2022-09-30,Licensed vehicles - ultra low emission vehicles (ulev) and all vehicles including ulev,Frequency,Vehicles,1724,101684
